T,Z,Y,X,Score,Size,Confidence,Angle
3.0,0.0,251.8822479248047,64.0528793334961,1.0,44.0,0.9851301908493042,2.0
6.0,0.0,139.55134773254395,256.0748100280762,0.9999992847442627,44.0,0.9824053049087524,2.0
9.0,0.0,211.58070945739746,84.18522644042969,1.0,44.0,0.9858216047286987,2.0
